{
  "cmd_start": "\uD83D\uDCD6 Головне меню\n\n1) Додати группу в пул груп для пошуку\n/chanel @test_group\n\n2) перевірити перелік доданих груп \n/glist\n\n3) видалити группу із переліку\n/gdel @test_group\n\n4) додати пошуковий запит - \n\n/add продам квартиру\n\n5) перевірити перелік пошукових запитів\n/list\n\n6) видалити конкретний пошуковий запит\n/del продам квартиру\n\n7) /start і /stop початок та зупинка роботи бота",
  "cmd_stop": "Бот зупинено",
  "cmd_chats": "Список каналів:\n\n{channels_list}",
  "cmd_list": "Список ключових слів:\n\n{keywords_list}",

  "empty": "Список порожній",

  "added": "✅ Канал додано",
  "deleted": "✅ Канал видалено",

  "add_keywords": "✅ Ключові слова додано",
  "del_keywords": "✅ Ключові слова видалено"
}